{
  "$schema": "http://json.schemastore.org/vs-2017.3.host",
  "icon": "icon.png",
  "supportedAuthentications": [
    {
      "auth": "None",
      "authenticationType": "NoAuth",
      "allowUnsecured": true
    },
    {
      "auth": "Individual",
      "authenticationType": "IndividualAuth",
      "b2cAuthenticationOptions": "CloudExisting"
    },
    {
      "auth": "Individual",
      "authenticationType": "IndividualAuth",
      "b2cAuthenticationOptions": "Local"
    },
    {
      "auth": "SingleOrg",
      "authenticationType": "OrgAuth",
      "orgAuthenticationOptions": "SSO"
    },
    {
      "auth": "MultiOrg",
      "authenticationType": "OrgAuth",
      "orgAuthenticationOptions": "MultiOrg"
    },
    {
      "auth": "Windows",
      "authenticationType": "WindowsAuth"
    }
  ]
}
