﻿{
  "$schema": "http://json.schemastore.org/template",
  "author": "Volkan Ceylan",
  "classifications": ["Web", "MVC"],
  "name": "Indotalent",
  "shortName": "serene",
  "defaultName": "MyIndotalentApp",
  "identity": "Indotalent",
  "tags": {
    "language": "C#",
    "type": "project"
  },
  "sourceName": "Indotalent",
  "preferNameDirectory": true,
  "symbols": {
    "HttpPort": {
      "type": "parameter",
      "datatype": "integer",
      "description": "Port number to use for the HTTP endpoint in launchSettings.json."
    },
    "HttpPortGenerated": {
      "type": "generated",
      "generator": "port"
    },
    "HttpPortReplacer": {
      "type": "generated",
      "generator": "coalesce",
      "parameters": {
        "sourceVariableName": "HttpPort",
        "fallbackVariableName": "HttpPortGenerated"
      },
      "replaces": "53237"
    },
    "HttpsPort": {
      "type": "parameter",
      "datatype": "integer",
      "description": "Port number to use for the HTTPS endpoint in launchSettings.json."
    },
    "HttpsPortGenerated": {
      "type": "generated",
      "generator": "port",
      "parameters": {
        "low": 44300,
        "high": 44399
      }
    },
    "HttpsPortReplacer": {
      "type": "generated",
      "generator": "coalesce",
      "parameters": {
        "sourceVariableName": "HttpsPort",
        "fallbackVariableName": "HttpsPortGenerated"
      },
      "replaces": "44380"
    }
  }
}
